<?xml version="1.0" encoding="UTF-8" standalone="yes"?>
<ns2:ExportManifest xmlns:ns2="http://www.pentaho.com/schema/">
    <ExportManifestInformation exportDate="31-03-2016 08:48:18 AMT" exportBy="admin" rootFolder="/home/admin/" manifestVersion="2"/>
    <ExportManifestEntity path="dashboard_ifs">
        <ExportManifestProperty>
            <EntityMetaData name="dashboard_ifs" createdDate="2016-03-30T12:51:42.221-04:00" isFolder="true" path="dashboard_ifs" isHidden="false" locale="pt_BR" title="dashboard_ifs"/>
        </ExportManifestProperty>
        <ExportManifestProperty>
            <EntityAcl>
                <entriesInheriting>true</entriesInheriting>
                <owner>admin</owner>
                <ownerType>USER</ownerType>
            </EntityAcl>
        </ExportManifestProperty>
    </ExportManifestEntity>
    <ExportManifestEntity path="dashboard_ifs/dash_ps.cda">
        <ExportManifestProperty>
            <EntityMetaData name="dash_ps.cda" createdDate="2016-03-30T12:54:05.173-04:00" isFolder="false" path="dashboard_ifs/dash_ps.cda" isHidden="false" locale="pt_BR" title="dash_ps.cda"/>
        </ExportManifestProperty>
        <ExportManifestProperty>
            <EntityAcl>
                <entriesInheriting>true</entriesInheriting>
                <owner>admin</owner>
                <ownerType>USER</ownerType>
            </EntityAcl>
        </ExportManifestProperty>
    </ExportManifestEntity>
    <ExportManifestEntity path="dashboard_ifs/dash_ps.cdfde">
        <ExportManifestProperty>
            <EntityMetaData name="dash_ps.cdfde" createdDate="2016-03-30T12:52:04.182-04:00" isFolder="false" path="dashboard_ifs/dash_ps.cdfde" isHidden="false" locale="pt_BR" title="dash_ps.cdfde"/>
        </ExportManifestProperty>
        <ExportManifestProperty>
            <EntityAcl>
                <entriesInheriting>true</entriesInheriting>
                <owner>admin</owner>
                <ownerType>USER</ownerType>
            </EntityAcl>
        </ExportManifestProperty>
    </ExportManifestEntity>
    <ExportManifestEntity path="dashboard_ifs/dash_ps.wcdf">
        <ExportManifestProperty>
            <EntityMetaData name="dash_ps.wcdf" createdDate="2016-03-30T12:52:04.096-04:00" isFolder="false" path="dashboard_ifs/dash_ps.wcdf" isHidden="false" locale="pt_BR" description="dash_ps" title="dash_ps"/>
        </ExportManifestProperty>
        <ExportManifestProperty>
            <EntityAcl>
                <entriesInheriting>true</entriesInheriting>
                <owner>admin</owner>
                <ownerType>USER</ownerType>
            </EntityAcl>
        </ExportManifestProperty>
    </ExportManifestEntity>
</ns2:ExportManifest>
